{
  "current-scene": "9cf954c7-a1f1-4374-b4f5-3ed5eb59e188",
  "gizmos-infos": {
    "iconGizmoSize": 2,
    "isGridVisible": true,
    "isIconGizmo3D": false
  },
  "camera-infos": {
    "9cf954c7-a1f1-4374-b4f5-3ed5eb59e188": {
      "position": {
        "x": 9.951801946561872,
        "y": 4.370373120739639,
        "z": 41.80264674674609
      },
      "rotation": {
        "w": 0.5776050673788619,
        "x": -0.11588890377016801,
        "y": 0.792259415732571,
        "z": 0.15895649185954766
      },
      "viewCenter": {
        "x": 0,
        "y": 0,
        "z": 45
      }
    },
    "f46876e4-e81b-4931-b493-6d367be385e7": {
      "position": {
        "x": -474.4332535842178,
        "y": 597.3054052573692,
        "z": -608.6184706190256
      },
      "rotation": {
        "w": -0.31437017541872414,
        "x": 0.05293525624777837,
        "y": 0.9346655047573147,
        "z": 0.15738375287791584
      },
      "viewCenter": {
        "x": 88.47360723160546,
        "y": 274.4619757142185,
        "z": 133.51556558749508
      }
    }
  },
  "camera-uuids": [
    "9cf954c7-a1f1-4374-b4f5-3ed5eb59e188"
  ],
  "float-window": {
    "position": {
      "cc": {
        "CameraComponent": {
          "bottom": 10,
          "dock": false,
          "left": null,
          "right": 10,
          "top": null
        },
        "ParticleSystemComponent": {
          "bottom": 10,
          "dock": false,
          "left": null,
          "right": 10,
          "top": null
        }
      }
    }
  }
}
